[
  {
    "id": 1,
    "category": "Электротехника",
    "name": "Электрическая плита",
    "price": 500,
    "description": "Мощная электрическая плита для приготовления вкусных блюд."
  },
  {
    "id": 2,
    "category": "Электротехника",
    "name": "Холодильник",
    "price": 800,
    "description": "Просторный холодильник для сохранения продуктов свежими."
  },
  {
    "id": 3,
    "category": "Электротехника",
    "name": "Микроволновка",
    "price": 300,
    "description": "Удобная микроволновка для быстрого приготовления пищи."
  },
  {
    "id": 4,
    "category": "Электротехника",
    "name": "Утюг",
    "price": 50,
    "description": "Эффективный утюг для глажки вашей одежды."
  },
  {
    "id": 5,
    "category": "Электротехника",
    "name": "Фен",
    "price": 30,
    "description": "Мощный фен для быстрого сушки волос."
  },
  {
    "id": 6,
    "category": "Электроника",
    "name": "Ноутбук",
    "price": 1200,
    "description": "Современный ноутбук для работы и развлечений."
  },
  {
    "id": 7,
    "category": "Электроника",
    "name": "Смартфон",
    "price": 600,
    "description": "Стильный смартфон с передовыми технологиями."
  },
  {
    "id": 8,
    "category": "Электроника",
    "name": "Телевизор",
    "price": 1000,
    "description": "Широкий телевизор с высоким разрешением для качественного просмотра."
  },
  {
    "id": 9,
    "category": "Электроника",
    "name": "Наушники",
    "price": 100,
    "description": "Качественные наушники для наслаждения музыкой без помех."
  },
  {
    "id": 10,
    "category": "Электроника",
    "name": "Планшет",
    "price": 400,
    "description": "Легкий и удобный планшет для чтения и просмотра контента."
  }
]
